,index,Unnamed: 0,category_id,cname,pcname,pname,chain_id
0,60547,0,665,CONSERVES DE PATES,CONSERVES DE VIANDE,Henaff pâté de porc 78g,10.0
1,60548,1,665,CONSERVES DE PATES,CONSERVES DE VIANDE,Hénaff - Le Pâté Hénaff,7.0
2,60549,2,665,CONSERVES DE PATES,CONSERVES DE VIANDE,Pâté de porc au sel de guérande HENAFF,11.0
3,60550,3,665,CONSERVES DE PATES,CONSERVES DE VIANDE,Pâté Hénaff Filets et jambons - 78g,12.0
4,60551,4,665,CONSERVES DE PATES,CONSERVES DE VIANDE,Pâté de porc,4.0
5,60552,5,665,CONSERVES DE PATES,CONSERVES DE VIANDE,Pâté de porc,16.0
6,60553,6,665,CONSERVES DE PATES,CONSERVES DE VIANDE,"Pâté pur porc HENAFF, 78g",8.0
7,60554,9,665,CONSERVES DE PATES,CONSERVES DE VIANDE,"Pâté de foie HENAFF, 78g",8.0
8,60555,10,665,CONSERVES DE PATES,CONSERVES DE VIANDE,"Pâté de campagne HENAFF, 78g",8.0
9,60556,11,665,CONSERVES DE PATES,CONSERVES DE VIANDE,"Rillettes Bretonnes HENAFF, 78g",8.0
10,60557,12,447,LEVURES ET SUCRES AROMATISES,SUCRES ET EPICERIE PATISSERIE,Levure boulangère Fala 42g,12.0
11,60558,13,447,LEVURES ET SUCRES AROMATISES,SUCRES ET EPICERIE PATISSERIE,"Levure fraîche de boulanger FALA, 42g",8.0
12,60559,14,447,LEVURES ET SUCRES AROMATISES,SUCRES ET EPICERIE PATISSERIE,Cube de levure FALA 42g,8.0
13,60560,17,459,FROMAGES DE CHEVRE ET BREBIS,CHEESE,Sélectionné par votre magasin - Fromage Le Petit Trôo,7.0
14,60561,18,459,FROMAGES DE CHEVRE ET BREBIS,CHEESE,Fromage Le Petit Trôo,11.0
15,60562,19,459,FROMAGES DE CHEVRE ET BREBIS,CHEESE,PETIT TROO AFFINE 150G,8.0
16,60563,20,459,FROMAGES DE CHEVRE ET BREBIS,CHEESE,PETIT TROO 20%MG 150G,8.0
17,60564,21,459,FROMAGES DE CHEVRE ET BREBIS,CHEESE,LE PETIT TROO,8.0
18,60565,22,459,FROMAGES DE CHEVRE ET BREBIS,CHEESE,"Le petit Trôo, au lait pasteurisé de vache, 20%mg, 150g",8.0
19,60566,23,461,"FROMAGES A TARTINER, ENFANTS",CHEESE,SOCIETE Société Crème de fromage fondu de brebis 100g 100g,10.0
20,60567,24,461,"FROMAGES A TARTINER, ENFANTS",CHEESE,Fromage Société Crème 5x20g,12.0
21,60568,25,461,"FROMAGES A TARTINER, ENFANTS",CHEESE,Société - Crème de fromage,7.0
22,60569,26,461,"FROMAGES A TARTINER, ENFANTS",CHEESE,Société crème - 23% mg,4.0
23,60570,27,461,"FROMAGES A TARTINER, ENFANTS",CHEESE,Fromage de brebis crème à tartiner SOCIETE,11.0
24,60571,28,461,"FROMAGES A TARTINER, ENFANTS",CHEESE,Crème de fromage fondu de brebis,16.0
25,60572,29,461,"FROMAGES A TARTINER, ENFANTS",CHEESE,"Fromage fondu au lait pasteurisé de brebis SOCIETE, 23%mg, 100g",8.0
26,60573,30,461,"FROMAGES A TARTINER, ENFANTS",CHEESE,"Fromage fondu au lait pasteurisé de brebis, SOCIETE, 23% de MG pot de100g",8.0
27,60574,32,461,"FROMAGES A TARTINER, ENFANTS",CHEESE,SOCIETE Crème de fromage fondu de brebis 100g,10.0
28,60575,33,461,"FROMAGES A TARTINER, ENFANTS",CHEESE,Société Crème de roquefort allégée portions 5x20g,10.0
29,60576,34,461,"FROMAGES A TARTINER, ENFANTS",CHEESE,Fromage Léger et Fondant,7.0
30,60577,35,461,"FROMAGES A TARTINER, ENFANTS",CHEESE,Fromage Société Crème Léger - 5x20g,12.0
31,60578,36,461,"FROMAGES A TARTINER, ENFANTS",CHEESE,Fromage de brebis à tartiner léger SOCIETE,11.0
32,60579,37,461,"FROMAGES A TARTINER, ENFANTS",CHEESE,Léger et fondant - Crème de fromage,4.0
33,60580,38,461,"FROMAGES A TARTINER, ENFANTS",CHEESE,"Crème de roquefort au lait de brebis pasteurisé SOCIETE Crème, 11%MG,100g",8.0
34,60581,39,461,"FROMAGES A TARTINER, ENFANTS",CHEESE,SOCIETE Crème de roquefort allégée 5 portions 100g,10.0
35,60582,40,471,FRESH AND UHT CREAMS,FRESH DAIRY PRODUCTS,"Crème UHT fluide 12% de MG, BRIDELICE, la dosette de 6,5cl",8.0
36,60583,41,471,FRESH AND UHT CREAMS,FRESH DAIRY PRODUCTS,"Crème UHT semi épaisse 30% de MG, PRESIDENT, la dosette de 6,5cl.",8.0
37,60584,42,447,LEVURES ET SUCRES AROMATISES,SUCRES ET EPICERIE PATISSERIE,Levure instantanée ,11.0
38,60585,43,447,LEVURES ET SUCRES AROMATISES,SUCRES ET EPICERIE PATISSERIE,Lesaffre levure saf-instantanée rouge 125g,10.0
39,60586,44,447,LEVURES ET SUCRES AROMATISES,SUCRES ET EPICERIE PATISSERIE,LESAFFRE Levure instantanée 1 paquet 125g,10.0
40,60587,45,434,CHEWING GUMS,CONFISERIE,Chewings gums sans aspartame HOLLYWOOD,11.0
41,60588,46,434,CHEWING GUMS,CONFISERIE,Chewing-gum menthe verte sans sucre HOLLYWOOD,11.0
42,60589,47,373,SOINS DU VISAGE,HYGIENE CORPORELLE ET SOINS BEAUTE,Ladrôme Fleurs De Bach Elixir Floral N°6 : Charme Bio 10 ml,201.0
43,60590,48,373,SOINS DU VISAGE,HYGIENE CORPORELLE ET SOINS BEAUTE,Ladrôme Fleurs De Bach Elixir Floral N°8 : Chêne Bio 10 ml,201.0
44,60591,49,375,TOILETTE DU VISAGE,HYGIENE CORPORELLE ET SOINS BEAUTE,Ladrôme Fleurs De Bach Elixir Floral N°13 : Eau de Roche Bio 10 ml,201.0
45,60592,50,373,SOINS DU VISAGE,HYGIENE CORPORELLE ET SOINS BEAUTE,Ladrôme Fleurs De Bach Elixir Floral N°15 : Folle Avoine Bio 10 ml,201.0
46,60593,51,471,FRESH AND UHT CREAMS,FRESH DAIRY PRODUCTS,"Crème fluide de Normandie UHT entière ELLE&VIRE, 30% de MG, brique de25cl",8.0
47,60594,52,447,LEVURES ET SUCRES AROMATISES,SUCRES ET EPICERIE PATISSERIE,LESAFFRE Lesaffre levure 125g 125g,10.0
48,60595,53,447,LEVURES ET SUCRES AROMATISES,SUCRES ET EPICERIE PATISSERIE,Levure sèche active SAF-LEVURE,11.0
49,60596,54,447,LEVURES ET SUCRES AROMATISES,SUCRES ET EPICERIE PATISSERIE,Saf - Levure,4.0
50,60597,55,447,LEVURES ET SUCRES AROMATISES,SUCRES ET EPICERIE PATISSERIE,"Levure SAF LESAFFRE, 125g",8.0
51,60598,56,447,LEVURES ET SUCRES AROMATISES,SUCRES ET EPICERIE PATISSERIE,Levure sèche active Saf-levure 125g,12.0
52,60599,57,447,LEVURES ET SUCRES AROMATISES,SUCRES ET EPICERIE PATISSERIE,LESAFFRE Levure 125g,10.0
53,60600,58,447,LEVURES ET SUCRES AROMATISES,SUCRES ET EPICERIE PATISSERIE,Levure boulangère 42g,12.0
54,60601,59,447,LEVURES ET SUCRES AROMATISES,SUCRES ET EPICERIE PATISSERIE,Fala - Le CUBE de levure de boulanger fraîche,7.0
55,60602,60,447,LEVURES ET SUCRES AROMATISES,SUCRES ET EPICERIE PATISSERIE,Levure ménagere,4.0
56,60603,61,447,LEVURES ET SUCRES AROMATISES,SUCRES ET EPICERIE PATISSERIE,LEVURE MENAGE 42G,8.0
57,60604,62,447,LEVURES ET SUCRES AROMATISES,SUCRES ET EPICERIE PATISSERIE,Levure de boulangerie L'Hirondelle cube 42g,8.0
58,60605,63,447,LEVURES ET SUCRES AROMATISES,SUCRES ET EPICERIE PATISSERIE,Cube de levure l'hirondelle 42g Fuseau,8.0
59,60606,64,447,LEVURES ET SUCRES AROMATISES,SUCRES ET EPICERIE PATISSERIE,LEVURE DE BOULANGERIE L'HIRONDELLE 42g,8.0
60,60607,65,447,LEVURES ET SUCRES AROMATISES,SUCRES ET EPICERIE PATISSERIE,Levure de boulangerie 42g,8.0
61,60608,66,447,LEVURES ET SUCRES AROMATISES,SUCRES ET EPICERIE PATISSERIE,"Levure de boulanger fraîche L'HIRONDELLE, 42g",8.0
62,60609,67,447,LEVURES ET SUCRES AROMATISES,SUCRES ET EPICERIE PATISSERIE,Levure de Boulanger L'Hirondelle 0.42g,8.0
63,60610,68,447,LEVURES ET SUCRES AROMATISES,SUCRES ET EPICERIE PATISSERIE,LEVURE MENAGERE CUBE 42g,8.0
64,60611,70,447,LEVURES ET SUCRES AROMATISES,SUCRES ET EPICERIE PATISSERIE,CUBE DE LEVURE HIRONDELLE 42G,8.0
65,60612,71,447,LEVURES ET SUCRES AROMATISES,SUCRES ET EPICERIE PATISSERIE,CUBE DE LEVURE 42G,8.0
66,60613,72,447,LEVURES ET SUCRES AROMATISES,SUCRES ET EPICERIE PATISSERIE,LEVURE BOULANGERE,8.0
67,60614,73,447,LEVURES ET SUCRES AROMATISES,SUCRES ET EPICERIE PATISSERIE,LEVURE BOULANGERE FRAICHE CUBE 42G,8.0
68,60615,74,370,SOINS DES MAINS ET LEVRES,HYGIENE CORPORELLE ET SOINS BEAUTE,Baume à lèvres nutritic LA ROCHE-POSAY,11.0
69,60616,75,370,SOINS DES MAINS ET LEVRES,HYGIENE CORPORELLE ET SOINS BEAUTE,La Roche-Posay Nutritic Lèvres,201.0
70,60617,76,373,SOINS DU VISAGE,HYGIENE CORPORELLE ET SOINS BEAUTE,"La Roche Posay Nutritic Lèvres 4,7ml",200.0
71,60618,77,366,MAQUILLAGE,SOIN CORPS ET VISAGE,VAO SERUM CROISS.NU,4.0
72,60619,78,366,MAQUILLAGE,SOIN CORPS ET VISAGE,Vernis à ongles express manucure sérum de croissance nu MAYBELLINE,8.0
73,60620,80,366,MAQUILLAGE,SOIN CORPS ET VISAGE,Vernis à ongles sérum croissance MAYBELLINE,11.0
74,60621,81,366,MAQUILLAGE,SOIN CORPS ET VISAGE,"Express - Manucure - Vernis à ongles - Lissant anti-âge - Ongles striés, dévitalisés",4.0
75,60622,82,366,MAQUILLAGE,SOIN CORPS ET VISAGE,Vernis a ongles lissant anti-âge GEMEY MAYBELLINE,11.0
76,60623,83,366,MAQUILLAGE,SOIN CORPS ET VISAGE,"Vernis à ongles lissant anti-âge MAYBELLINE, nu",8.0
77,60624,85,366,MAQUILLAGE,SOIN CORPS ET VISAGE,"Vernis à ongles lissant anti-âge GEMEY MAYBELLINE, nu",8.0
78,60625,86,424,ONGLES,MAQUILLAGE,Tenue et strong pro - Vernis à ongles gel,4.0
79,60626,87,424,ONGLES,MAQUILLAGE,Base de vernis nu Maybelline Protège - 1 pièce,12.0
80,60627,88,424,ONGLES,MAQUILLAGE,Vernis à ongles de base MAYBELLINE GEMEY,11.0
81,60628,89,424,ONGLES,MAQUILLAGE,"Base de vernis à ongles MAYBELLINE, nu",8.0
82,60629,91,424,ONGLES,MAQUILLAGE,"Vernis à ongles base de vernis anti theft GEMEY MAYBELLINE, nu",8.0
83,60630,92,424,ONGLES,MAQUILLAGE,Gemey nu vao base de vernis,10.0
84,60631,93,424,ONGLES,MAQUILLAGE,Maybelline New York EXPRESS MANUCURE Base de vernis Protège 10 ml,10.0
85,60632,94,366,MAQUILLAGE,SOIN CORPS ET VISAGE,Durci pastel diamant - Vernis durcisseur - Teinte 07 nude,4.0
86,60633,95,366,MAQUILLAGE,SOIN CORPS ET VISAGE,"Vernis à ongles durci long pastel 07 pastel MAYBELLINE, nu",8.0
87,60634,97,366,MAQUILLAGE,SOIN CORPS ET VISAGE,Durcisseur pastel diamant,7.0
88,60635,98,366,MAQUILLAGE,SOIN CORPS ET VISAGE,"Vernis à ongles durci long pastel 07 pastel anti theft GEMEY MAYBELLINE, nu",8.0
89,60636,99,366,MAQUILLAGE,SOIN CORPS ET VISAGE,Vernis à ongles nuance 07 pastel diamant GEMEY MAYBELLINE,11.0
90,60637,100,366,MAQUILLAGE,SOIN CORPS ET VISAGE,Durci pastel diamant - Vernis durcisseur ongles,4.0
91,60638,101,366,MAQUILLAGE,SOIN CORPS ET VISAGE,"Vernis à ongles durci long pastel 16 pétale MAYBELLINE, nu",8.0
92,60639,103,366,MAQUILLAGE,SOIN CORPS ET VISAGE,Vernis à ongles pastel petale 16 MAYBELLINE,11.0
93,60640,104,366,MAQUILLAGE,SOIN CORPS ET VISAGE,Vernis à ongles durci long pastel 16 pétale anti theft nu GEMEY,8.0
94,60641,105,424,ONGLES,MAQUILLAGE,Durci long diamant - Soin durcisseur ongles,4.0
95,60642,106,424,ONGLES,MAQUILLAGE,Soin durcisseur Maybelline DurciLong Diamant,12.0
96,60643,107,424,ONGLES,MAQUILLAGE,Vernis à ongles soin durcisseur MAYBELLINE GEMEY,11.0
97,60644,108,424,ONGLES,MAQUILLAGE,"Vernis à ongles durci long diamant MAYBELLINE, nu",8.0
98,60645,110,424,ONGLES,MAQUILLAGE,GEMEY MAYBELLINE Gemey Maybelline Vernis à ongles soin durcisseur 10ml 10ml,10.0
99,60646,112,424,ONGLES,MAQUILLAGE,GEMEY MAYBELLINE Vernis à ongles soin durcisseur 10ml,10.0
100,60647,113,366,MAQUILLAGE,SOIN CORPS ET VISAGE,Serum de croissance - blister MAYBELLINE,8.0
101,60648,116,424,ONGLES,MAQUILLAGE,Vernis à ongles express manucure GEMEY MAYBELLINE,11.0
102,60649,117,424,ONGLES,MAQUILLAGE,Vernis a ongles lissant anti-age - blister MAYBELLINE,8.0
103,60650,118,424,ONGLES,MAQUILLAGE,"Vernis à ongles express manucure lissant anti-age GEMEY MAYBELLINE, blister",8.0
104,60651,120,424,ONGLES,MAQUILLAGE,Gemey Maybelline base de vernis,10.0
105,60652,121,424,ONGLES,MAQUILLAGE,Base de vernis,16.0
106,60653,122,424,ONGLES,MAQUILLAGE,Maquillage Vernis ongles Gemey Base de vernis,12.0
107,60654,123,424,ONGLES,MAQUILLAGE,Vernis à ongles base nutri kératine GEMEY MAYBELLINE,11.0
108,60655,124,424,ONGLES,MAQUILLAGE,Soin Base de Vernis,4.0
109,60656,125,424,ONGLES,MAQUILLAGE,Express manucure base de vernis 10 ml - blister MAYBELLINE,8.0
110,60657,127,424,ONGLES,MAQUILLAGE,Vernis à ongles Express Manucure base de vernis GEMEY MAYBELLINE,8.0
111,60658,128,424,ONGLES,MAQUILLAGE,Express Manucure - Base de vernis Protect,7.0
112,60659,129,366,MAQUILLAGE,SOIN CORPS ET VISAGE,Vernis à ongles durcisseur pastel diamant GEMEY MAYBELLINE,11.0
113,60660,130,366,MAQUILLAGE,SOIN CORPS ET VISAGE,Vernis à ongles durcissant long n°04 blanc - blister MAYBELLINE,8.0
114,60661,132,366,MAQUILLAGE,SOIN CORPS ET VISAGE,Vernis à ongles Durci Long Pastel n°04 blanc GEMEY MAYBELLINE,8.0
115,60662,133,366,MAQUILLAGE,SOIN CORPS ET VISAGE,"Durci pastel diamand, vernis durcisseur, blanc",7.0
116,60663,134,424,ONGLES,MAQUILLAGE,Vernis à ongles Durci Long Pastel 07 GEMEY MAYBELLINE,11.0
117,60664,135,424,ONGLES,MAQUILLAGE,Durci pastel - Vernis à ongle - durcisseur,4.0
118,60665,136,424,ONGLES,MAQUILLAGE,"Maybelline - Dusci paster diamand, vernis durcisseur, pastel",7.0
119,60666,137,424,ONGLES,MAQUILLAGE,Vernis à ongles durcissant long n°07 pastel - blister MAYBELLINE,8.0
120,60667,139,424,ONGLES,MAQUILLAGE,"Vernis à ongles Durci Pastel GEMEY MAYBELLINE, n°07 pastel",8.0
121,60668,140,366,MAQUILLAGE,SOIN CORPS ET VISAGE,Vernis à ongles durcissant long n°16 pétale - blister MAYBELLINE,8.0
122,60669,142,366,MAQUILLAGE,SOIN CORPS ET VISAGE,Vernis à ongles soin durcisseur pastel 16 MAYBELLINE,11.0
123,60670,143,366,MAQUILLAGE,SOIN CORPS ET VISAGE,"Vernis à ongles Durci Long Pastel GEMEY MAYBELLINE, n°16 rose pétale",8.0
124,60671,144,424,ONGLES,MAQUILLAGE,Soin Durci Long Diamant,4.0
125,60672,145,424,ONGLES,MAQUILLAGE,Maybelline durci long diamant vernis à ongles,10.0
126,60673,146,424,ONGLES,MAQUILLAGE,Vernis à ongles durcisseur poudre de diamant GEMEY MAYBELLINE,11.0
127,60674,147,424,ONGLES,MAQUILLAGE,Maquillage Vernis ongles Gemey Durci long Diamant,12.0
128,60675,148,424,ONGLES,MAQUILLAGE,Soin des ongles Durcissant Long Diamant,16.0
129,60676,149,424,ONGLES,MAQUILLAGE,"Maybelline - Long Diamant Anti-Theft, verni à ongles durcisseur",7.0
130,60677,150,424,ONGLES,MAQUILLAGE,"Soin durcisseur ""long diamant"" 10 ml - blister MAYBELLINE",8.0
131,60678,152,424,ONGLES,MAQUILLAGE,Vernis à ongles Durci Long Diamant GEMEY MAYBELLINE,8.0
132,60679,153,434,CHEWING GUMS,CONFISERIE,"Chewing gums sans sucre Greenfresh HOLLYWOOD, 29g",8.0
133,60680,154,434,CHEWING GUMS,CONFISERIE,"Chewing gums sans sucre Softfresh HOLLYWOOD, 29g",8.0
134,60681,155,366,MAQUILLAGE,SOIN CORPS ET VISAGE,Express manucure white - Soin blanchissant - Pour ongles jaunis/ternes,4.0
135,60682,156,366,MAQUILLAGE,SOIN CORPS ET VISAGE,Vernis à ongles express manucure white GEMEY MAYBELLINE,11.0
136,60683,157,366,MAQUILLAGE,SOIN CORPS ET VISAGE,"Vernis à ongles express manucure white MAYBELLINE, nu",8.0
137,60684,159,366,MAQUILLAGE,SOIN CORPS ET VISAGE,"Vernis à ongles express manucure white GEMEY MAYBELLINE, nu",8.0
138,60685,160,434,CHEWING GUMS,CONFISERIE,"Chewing gums sans sucre Blancheur menthe polaire HOLLYWOOD, 70 dragées, 88g",8.0
139,60686,161,405,YEUX ET SOURCILS,MAQUILLAGE,Mascara colossal origin washable black nu slvp MAYBELLINE,8.0
140,60687,162,405,YEUX ET SOURCILS,MAQUILLAGE,Mascara nuance 01 noir the colossal MAYBELLINE,11.0
141,60688,163,405,YEUX ET SOURCILS,MAQUILLAGE,Mascara volume express colossal waterproof glam noir MAYBELLINE 01 nu,8.0
142,60689,164,405,YEUX ET SOURCILS,MAQUILLAGE,Mascara nuance 01 noir the colossal,7.0
143,60690,165,405,YEUX ET SOURCILS,MAQUILLAGE,Mascara volumateur Maybelline Noir New York Colossal - x1,12.0
144,60691,166,405,YEUX ET SOURCILS,MAQUILLAGE,"Maybelline Mascara The Colossal Volume Express Glam Noir 10,7ml",200.0
145,60692,167,424,ONGLES,MAQUILLAGE,Soin blanchissant ongles jaunis GEMEY MAYBELLINE,11.0
146,60693,168,424,ONGLES,MAQUILLAGE,Vernis a ongles express manucure white - blister MAYBELLINE,8.0
147,60694,170,424,ONGLES,MAQUILLAGE,Vernis à ongles Express Manucure blanchisseur ongles jaunis GEMEY MAYBELLINE,8.0
148,60695,171,424,ONGLES,MAQUILLAGE,"Maybelline - Express manucure white, soin blanchissant pour ongles jaunis/ternes",7.0
149,60696,172,434,CHEWING GUMS,CONFISERIE,HOLLYWOOD Hollywood Green fresh box 60 chewing-gums sans sucres menthe verte 60 dragées 87g,10.0
150,60697,173,434,CHEWING GUMS,CONFISERIE,Chewing-gum Green Fresh parfum menthe verte sans sucres,7.0
151,60698,174,434,CHEWING GUMS,CONFISERIE,Green fresh - Chewing-gum à la Menthe verte,13.0
152,60699,175,434,CHEWING GUMS,CONFISERIE,Green fresh - Chewing-gum menthe fraiche sans sucres - 62 dragées environ,4.0
153,60700,176,434,CHEWING GUMS,CONFISERIE,Chewing-gum menthe verte s/sucres HOLLYWOOD,11.0
154,60701,177,434,CHEWING GUMS,CONFISERIE,Chewing gums Hollywood Greenfresh s/sucre - x60,12.0
155,60702,178,434,CHEWING GUMS,CONFISERIE,"Chewing gum sans sucres greenfresh HOLLYWOOD, boîte de 87g",8.0
156,60703,180,434,CHEWING GUMS,CONFISERIE,HOLLYWOOD Green fresh box chewing-gums sans sucres menthe verte 60 dragées 87g,10.0
157,60704,181,424,ONGLES,MAQUILLAGE,La Roche Posay Tolériane Vernis à Ongles Silicium N°14 Mauve Nacré 6ml,200.0
158,60705,182,424,ONGLES,MAQUILLAGE,La Roche-Posay Silicium Vernis Fortifiant Protecteur 6 ml - Couleur : 14 : Mauve Nacrée,201.0
159,60706,183,424,ONGLES,MAQUILLAGE,La Roche Posay Tolériane Vernis à Ongles Silicium N°38 Chocolat 6ml,200.0
160,60707,184,424,ONGLES,MAQUILLAGE,La Roche-Posay Silicium Vernis Fortifiant Protecteur 6 ml - Couleur : 38 : Chocolat,201.0
161,60708,185,424,ONGLES,MAQUILLAGE,La Roche Posay Tolériane Vernis à Ongles Silicium N°16 Framboise 6ml,200.0
162,60709,186,424,ONGLES,MAQUILLAGE,La Roche-Posay Silicium Vernis Fortifiant Protecteur 6 ml - Couleur : 16 : Framboise,201.0
163,60710,187,424,ONGLES,MAQUILLAGE,La Roche Posay Tolériane Vernis à Ongles Silicium N°24 Rouge Parfait 6ml,200.0
164,60711,188,424,ONGLES,MAQUILLAGE,La Roche-Posay Silicium Vernis Fortifiant Protecteur 6 ml - Couleur : 24 : Rouge Parfait,201.0
165,60712,189,424,ONGLES,MAQUILLAGE,La Roche Posay Tolériane Vernis à Ongles Silicium N°22 Coquelicot 6ml,200.0
166,60713,190,424,ONGLES,MAQUILLAGE,La Roche-Posay Silicium Vernis Fortifiant Protecteur 6 ml - Couleur : 22 : Rouge Coquelicot,201.0
167,60714,191,424,ONGLES,MAQUILLAGE,La Roche Posay Tolériane Vernis à Ongles Silicium N°01 Mat 6ml,200.0
168,60715,192,424,ONGLES,MAQUILLAGE,La Roche-Posay Silicium Vernis Fortifiant Protecteur 6 ml - Couleur : 01 : Mat,201.0
169,60716,193,424,ONGLES,MAQUILLAGE,La Roche Posay Tolériane Vernis à Ongles Silicium N°02 Rose 6ml,200.0
170,60717,194,424,ONGLES,MAQUILLAGE,La Roche-Posay Silicium Vernis Fortifiant Protecteur 6 ml - Couleur : 02 : Rose,201.0
171,60718,195,424,ONGLES,MAQUILLAGE,La Roche Posay Tolériane Vernis à Ongles Silicium N°03 Beige 6ml,200.0
172,60719,196,424,ONGLES,MAQUILLAGE,La Roche-Posay Silicium Vernis Fortifiant Protecteur 6 ml - Couleur : 03 : Beige,201.0
173,60720,197,405,YEUX ET SOURCILS,MAQUILLAGE,Mascara nuance 01 noir waterproof the colossal MAYBELLINE,11.0
174,60721,198,405,YEUX ET SOURCILS,MAQUILLAGE,Mascara colossal origin waterproof black nu slvp MAYBELLINE,8.0
175,60722,199,405,YEUX ET SOURCILS,MAQUILLAGE,Mascara volume express colossal waterproof noir MAYBELLINE 01 nu,8.0
176,60723,200,405,YEUX ET SOURCILS,MAQUILLAGE,Maybelline Colossal Waterproof Mascara Black,175.0
177,60724,201,405,YEUX ET SOURCILS,MAQUILLAGE,Maybelline The Colossal Mascara Volume Express Glam Noir Waterproof,200.0
178,60725,202,424,ONGLES,MAQUILLAGE,La Roche Posay Tolériane Vernis à Ongles Silicium N°00 Top Coat 6ml,200.0
179,60726,203,424,ONGLES,MAQUILLAGE,La Roche-Posay Silicium Vernis Fortifiant Protecteur 6 ml - Couleur : 00 : Top Coat,201.0
180,60727,204,366,MAQUILLAGE,SOIN CORPS ET VISAGE,VAO SERUM CUTICULES,8.0
181,60728,205,368,PRODUITS SOLAIRES,HYGIENE CORPORELLE ET SOINS BEAUTE,Protection solaire stick lèvres SPF50+ LA ROCHE-POSAY,11.0
182,60729,206,368,PRODUITS SOLAIRES,HYGIENE CORPORELLE ET SOINS BEAUTE,"La Roche-Posay Anthelios Stick Lèvres Sensibles SPF50+ 4,7 ml",201.0
183,60730,207,368,PRODUITS SOLAIRES,HYGIENE CORPORELLE ET SOINS BEAUTE,"La Roche Posay Anthelios XL Stick à Lèvres SPF50+ 4,7ml",200.0
184,60731,208,366,MAQUILLAGE,SOIN CORPS ET VISAGE,Maquillage Vernis ongles Gemey Protège vernis sèche vite,12.0
185,60732,209,366,MAQUILLAGE,SOIN CORPS ET VISAGE,Vernis à ongles formule sèche-vite Gemey Maybelline,11.0
186,60733,210,366,MAQUILLAGE,SOIN CORPS ET VISAGE,Vernis à ongles protège vernis,4.0
187,60734,211,366,MAQUILLAGE,SOIN CORPS ET VISAGE,Protège Vernis Sèche-Vite,16.0
188,60735,212,406,LEVRES,MAQUILLAGE,La Roche Posay Tolériane Rouge à Lèvres Hydratant N°05 Rose Pêche 4ml,200.0
189,60736,213,406,LEVRES,MAQUILLAGE,La Roche-Posay Tolériane Rouge à Lèvres Hydratant 9H 4 ml - Couleur : 05 : Rose Pêche,201.0
190,60737,214,406,LEVRES,MAQUILLAGE,La Roche Posay Tolériane Rouge à Lèvres Hydratant N°11 Mauve Douceur 4ml,200.0
191,60738,215,406,LEVRES,MAQUILLAGE,La Roche-Posay Tolériane Rouge à Lèvres Hydratant 9H 4 ml - Couleur : 11 : Mauve Douceur,201.0
192,60739,216,406,LEVRES,MAQUILLAGE,La Roche-Posay Tolériane Rouge à Lèvres Hydratant 9H 4 ml - Couleur : 158 : Cassis Nocturne,201.0
193,60740,217,406,LEVRES,MAQUILLAGE,La Roche Posay Tolériane Rouge à Lèvres Hydratant N°170 Brun Sépia 4ml,200.0
194,60741,218,406,LEVRES,MAQUILLAGE,La Roche-Posay Tolériane Rouge à Lèvres Hydratant 9H 4 ml - Couleur : 170 : Brun Sépia,201.0
195,60742,219,406,LEVRES,MAQUILLAGE,La Roche Posay Tolériane Rouge à Lèvres Hydratant N°184 Orange Fusion 4ml,200.0
196,60743,220,406,LEVRES,MAQUILLAGE,La Roche-Posay Tolériane Rouge à Lèvres Hydratant 9H 4 ml - Couleur : 184 : Orange Fusion,201.0
197,60744,221,406,LEVRES,MAQUILLAGE,La Roche Posay Tolériane Rouge à Lèvres Hydratant N°185 Orange Lazer 4ml,200.0
198,60745,222,406,LEVRES,MAQUILLAGE,La Roche-Posay Tolériane Rouge à Lèvres Hydratant 9H 4 ml - Couleur : 185 : Orange Laser,201.0
199,60746,223,366,MAQUILLAGE,SOIN CORPS ET VISAGE,La Roche Posay Tolériane Rouge à Lèvres Hydratant N°191 Pur Rouge 4ml,200.0
